# Armoury: unpaved roads PROBE (P2 / D-1, 2 windows 50x50, autotest only). Generated by s6_siec_gra.py - do not edit.
# layout_crc32: 42a7528e (crc32 of arm_map_villages.tsv DATA rows only, comment lines ignored)
# scene_xml_crc: 146201570
# method: auto (prefab when Prefabs/arm_map_roads.xml is installed, else code; "prefab" / "code" force one)
# yaw_offset_deg: 0 (turn every decal box; 90 if the path texture runs across the road)
# window: fairmarket 367.40 507.11 417.40 557.11
# window: winterfell 370.95 819.88 420.95 869.88
#x	y	yaw_rad	scale_across	scale_along	class	look	material	factor	window
389.38	546.09	2.281	0.204	0.313	wiejska	wiejska	decal_battania_path_a	FFFFFFFF	fairmarket
389.10	546.41	2.184	0.194	0.314	wiejska	wiejska	decal_battania_path_b	FFFFFFFF	fairmarket
388.88	546.75	2.128	0.216	0.321	wiejska	wiejska	decal_battania_path_a	FFFFFFFF	fairmarket
388.66	547.11	1.999	0.203	0.303	wiejska	wiejska	decal_battania_path_b	FFFFFFFF	fairmarket
388.44	547.49	2.037	0.207	0.315	wiejska	wiejska	decal_battania_path_a	FFFFFFFF	fairmarket
388.29	547.86	2.135	0.213	0.313	wiejska	wiejska	decal_battania_path_b	FFFFFFFF	fairmarket
388.02	548.22	2.207	0.219	0.318	wiejska	wiejska	decal_battania_path_a	FFFFFFFF	fairmarket
371.22	507.27	1.376	0.206	0.311	wiejska	lesna	decal_battania_path_b	FF9A8A70	fairmarket
371.30	507.68	1.338	0.218	0.291	wiejska	lesna	decal_battania_path_b	FF9A8A70	fairmarket
371.38	508.09	1.310	0.225	0.306	wiejska	lesna	decal_battania_path_b	FF9A8A70	fairmarket
371.47	508.50	1.434	0.205	0.277	wiejska	lesna	decal_battania_path_b	FF9A8A70	fairmarket
371.55	508.92	1.452	0.217	0.282	wiejska	lesna	decal_battania_path_b	FF9A8A70	fairmarket
371.61	509.34	1.450	0.206	0.291	wiejska	lesna	decal_battania_path_b	FF9A8A70	fairmarket
371.60	509.76	1.614	0.222	0.296	wiejska	lesna	decal_battania_path_b	FF9A8A70	fairmarket
371.63	510.18	1.598	0.203	0.308	wiejska	lesna	decal_battania_path_b	FF9A8A70	fairmarket
371.60	510.60	1.620	0.214	0.289	wiejska	lesna	decal_battania_path_b	FF9A8A70	fairmarket
393.14	525.68	-1.691	0.211	0.279	wiejska	wiejska	decal_battania_path_a	FFFFFFFF	fairmarket
393.09	525.26	-1.620	0.204	0.295	wiejska	wiejska	decal_battania_path_b	FFFFFFFF	fairmarket
393.10	524.84	-1.594	0.221	0.293	wiejska	wiejska	decal_battania_path_a	FFFFFFFF	fairmarket
393.09	524.43	-1.556	0.202	0.301	wiejska	wiejska	decal_battania_path_b	FFFFFFFF	fairmarket
393.14	524.01	-1.308	0.223	0.310	wiejska	wiejska	decal_battania_path_a	FFFFFFFF	fairmarket
393.21	523.60	-1.318	0.199	0.319	wiejska	wiejska	decal_battania_path_b	FFFFFFFF	fairmarket
393.35	523.18	-1.400	0.201	0.324	wiejska	wiejska	decal_battania_path_a	FFFFFFFF	fairmarket
393.48	522.79	-1.248	0.202	0.313	wiejska	wiejska	decal_battania_path_b	FFFFFFFF	fairmarket
393.60	522.38	-1.171	0.200	0.310	wiejska	wiejska	decal_battania_path_a	FFFFFFFF	fairmarket
393.70	521.99	-1.241	0.194	0.308	wiejska	wiejska	decal_battania_path_b	FFFFFFFF	fairmarket
393.81	521.58	-1.263	0.224	0.311	wiejska	wiejska	decal_battania_path_a	FFFFFFFF	fairmarket
393.97	521.18	-1.406	0.207	0.308	wiejska	wiejska	decal_battania_path_b	FFFFFFFF	fairmarket
394.03	520.76	-1.375	0.224	0.322	wiejska	wiejska	decal_battania_path_a	FFFFFFFF	fairmarket
394.04	520.35	-1.390	0.217	0.280	wiejska	wiejska	decal_battania_path_b	FFFFFFFF	fairmarket
394.07	519.93	-1.531	0.199	0.316	wiejska	wiejska	decal_battania_path_a	FFFFFFFF	fairmarket
394.06	519.51	-1.684	0.224	0.316	wiejska	wiejska	decal_battania_path_b	FFFFFFFF	fairmarket
394.05	519.09	-1.563	0.214	0.285	wiejska	wiejska	decal_battania_path_a	FFFFFFFF	fairmarket
394.01	518.67	-1.685	0.207	0.291	wiejska	wiejska	decal_battania_path_b	FFFFFFFF	fairmarket
394.01	518.25	-1.415	0.210	0.316	wiejska	wiejska	decal_battania_path_a	FFFFFFFF	fairmarket
394.15	517.84	-1.370	0.223	0.312	wiejska	wiejska	decal_battania_path_b	FFFFFFFF	fairmarket
394.24	517.43	-1.225	0.208	0.280	wiejska	wiejska	decal_battania_path_a	FFFFFFFF	fairmarket
394.30	517.02	-1.444	0.207	0.289	wiejska	wiejska	decal_battania_path_b	FFFFFFFF	fairmarket
379.56	513.01	-2.770	0.159	0.208	sciezka	lesna	decal_battania_path_b	FF9A8A70	fairmarket
379.26	512.89	-2.764	0.151	0.227	sciezka	lesna	decal_battania_path_b	FF9A8A70	fairmarket
378.96	512.80	-2.887	0.156	0.222	sciezka	lesna	decal_battania_path_b	FF9A8A70	fairmarket
378.65	512.70	-3.006	0.139	0.226	sciezka	lesna	decal_battania_path_b	FF9A8A70	fairmarket
378.33	512.67	-3.012	0.143	0.227	sciezka	lesna	decal_battania_path_b	FF9A8A70	fairmarket
378.01	512.64	-3.051	0.138	0.204	sciezka	lesna	decal_battania_path_b	FF9A8A70	fairmarket
377.69	512.64	-3.012	0.156	0.205	sciezka	lesna	decal_battania_path_b	FF9A8A70	fairmarket
377.37	512.58	-3.125	0.143	0.225	sciezka	lesna	decal_battania_path_b	FF9A8A70	fairmarket
377.06	512.57	-2.996	0.158	0.206	sciezka	lesna	decal_battania_path_b	FF9A8A70	fairmarket
376.74	512.48	-3.041	0.144	0.217	sciezka	lesna	decal_battania_path_b	FF9A8A70	fairmarket
376.43	512.44	-2.981	0.160	0.212	sciezka	lesna	decal_battania_path_b	FF9A8A70	fairmarket
376.11	512.33	-2.926	0.140	0.207	sciezka	lesna	decal_battania_path_b	FF9A8A70	fairmarket
375.82	512.24	-2.744	0.154	0.214	sciezka	lesna	decal_battania_path_b	FF9A8A70	fairmarket
375.53	512.11	-2.783	0.152	0.232	sciezka	lesna	decal_battania_path_b	FF9A8A70	fairmarket
375.26	511.94	-2.465	0.144	0.221	sciezka	lesna	decal_battania_path_b	FF9A8A70	fairmarket
374.99	511.74	-2.405	0.153	0.217	sciezka	lesna	decal_battania_path_b	FF9A8A70	fairmarket
374.74	511.58	-2.753	0.160	0.222	sciezka	lesna	decal_battania_path_b	FF9A8A70	fairmarket
374.43	511.49	-2.979	0.152	0.206	sciezka	lesna	decal_battania_path_b	FF9A8A70	fairmarket
374.11	511.47	-3.131	0.157	0.233	sciezka	lesna	decal_battania_path_b	FF9A8A70	fairmarket
373.79	511.45	3.070	0.153	0.206	sciezka	lesna	decal_battania_path_b	FF9A8A70	fairmarket
373.47	511.49	3.090	0.156	0.215	sciezka	lesna	decal_battania_path_b	FF9A8A70	fairmarket
373.15	511.50	3.065	0.148	0.205	sciezka	lesna	decal_battania_path_b	FF9A8A70	fairmarket
370.54	518.54	-1.614	0.146	0.216	sciezka	lesna	decal_battania_path_b	FF9A8A70	fairmarket
370.49	518.22	-1.830	0.145	0.235	sciezka	lesna	decal_battania_path_b	FF9A8A70	fairmarket
370.43	517.90	-1.730	0.144	0.209	sciezka	lesna	decal_battania_path_b	FF9A8A70	fairmarket
370.35	517.60	-1.931	0.162	0.231	sciezka	lesna	decal_battania_path_b	FF9A8A70	fairmarket
370.27	517.29	-1.896	0.146	0.236	sciezka	lesna	decal_battania_path_b	FF9A8A70	fairmarket
370.15	517.00	-1.821	0.153	0.232	sciezka	lesna	decal_battania_path_b	FF9A8A70	fairmarket
370.14	516.68	-1.644	0.138	0.208	sciezka	lesna	decal_battania_path_b	FF9A8A70	fairmarket
370.08	516.36	-1.519	0.152	0.224	sciezka	lesna	decal_battania_path_b	FF9A8A70	fairmarket
370.13	516.04	-1.569	0.138	0.225	sciezka	lesna	decal_battania_path_b	FF9A8A70	fairmarket
370.13	515.72	-1.490	0.152	0.207	sciezka	lesna	decal_battania_path_b	FF9A8A70	fairmarket
370.16	515.41	-1.471	0.141	0.226	sciezka	lesna	decal_battania_path_b	FF9A8A70	fairmarket
370.24	515.09	-1.382	0.148	0.227	sciezka	lesna	decal_battania_path_b	FF9A8A70	fairmarket
370.35	514.78	-1.167	0.144	0.229	sciezka	lesna	decal_battania_path_b	FF9A8A70	fairmarket
370.48	514.51	-1.093	0.153	0.222	sciezka	lesna	decal_battania_path_b	FF9A8A70	fairmarket
370.65	514.25	-0.826	0.155	0.235	sciezka	lesna	decal_battania_path_b	FF9A8A70	fairmarket
367.49	515.25	-0.531	0.148	0.211	sciezka	lesna	decal_battania_path_b	FF9A8A70	fairmarket
367.76	515.08	-0.714	0.149	0.222	sciezka	lesna	decal_battania_path_b	FF9A8A70	fairmarket
368.02	514.88	-0.606	0.161	0.224	sciezka	lesna	decal_battania_path_b	FF9A8A70	fairmarket
368.28	514.69	-0.702	0.158	0.205	sciezka	lesna	decal_battania_path_b	FF9A8A70	fairmarket
368.55	514.51	-0.729	0.150	0.218	sciezka	lesna	decal_battania_path_b	FF9A8A70	fairmarket
368.78	514.30	-0.691	0.160	0.210	sciezka	lesna	decal_battania_path_b	FF9A8A70	fairmarket
369.02	514.08	-0.814	0.154	0.204	sciezka	lesna	decal_battania_path_b	FF9A8A70	fairmarket
369.26	513.87	-0.799	0.144	0.235	sciezka	lesna	decal_battania_path_b	FF9A8A70	fairmarket
369.46	513.63	-0.821	0.159	0.220	sciezka	lesna	decal_battania_path_b	FF9A8A70	fairmarket
369.67	513.40	-0.861	0.140	0.207	sciezka	lesna	decal_battania_path_b	FF9A8A70	fairmarket
369.89	513.16	-0.921	0.142	0.205	sciezka	lesna	decal_battania_path_b	FF9A8A70	fairmarket
393.12	545.44	3.027	0.158	0.206	sciezka	sciezka	decal_battania_path_b	FFFFFFFF	fairmarket
392.80	545.38	-2.710	0.145	0.215	sciezka	sciezka	decal_battania_path_b	FFFFFFFF	fairmarket
392.52	545.25	-2.669	0.151	0.236	sciezka	sciezka	decal_battania_path_b	FFFFFFFF	fairmarket
392.24	545.06	-2.508	0.145	0.208	sciezka	sciezka	decal_battania_path_b	FFFFFFFF	fairmarket
391.97	544.91	-2.655	0.140	0.226	sciezka	sciezka	decal_battania_path_b	FFFFFFFF	fairmarket
391.70	544.74	-2.656	0.144	0.221	sciezka	sciezka	decal_battania_path_b	FFFFFFFF	fairmarket
391.42	544.61	-2.633	0.139	0.219	sciezka	sciezka	decal_battania_path_b	FFFFFFFF	fairmarket
391.18	544.38	-2.381	0.146	0.233	sciezka	sciezka	decal_battania_path_b	FFFFFFFF	fairmarket
390.91	544.20	-2.241	0.153	0.211	sciezka	sciezka	decal_battania_path_b	FFFFFFFF	fairmarket
399.92	544.73	2.211	0.138	0.223	sciezka	lesna	decal_battania_path_b	FF9A8A70	fairmarket
399.72	545.01	2.003	0.151	0.206	sciezka	lesna	decal_battania_path_b	FF9A8A70	fairmarket
399.55	545.28	2.149	0.149	0.217	sciezka	lesna	decal_battania_path_b	FF9A8A70	fairmarket
399.40	545.58	2.155	0.160	0.232	sciezka	lesna	decal_battania_path_b	FF9A8A70	fairmarket
399.21	545.82	2.373	0.142	0.216	sciezka	lesna	decal_battania_path_b	FF9A8A70	fairmarket
398.98	546.03	2.674	0.142	0.209	sciezka	lesna	decal_battania_path_b	FF9A8A70	fairmarket
398.68	546.13	2.998	0.155	0.238	sciezka	lesna	decal_battania_path_b	FF9A8A70	fairmarket
398.36	546.16	3.004	0.161	0.210	sciezka	lesna	decal_battania_path_b	FF9A8A70	fairmarket
398.04	546.23	3.102	0.148	0.234	sciezka	lesna	decal_battania_path_b	FF9A8A70	fairmarket
397.72	546.21	-3.101	0.160	0.230	sciezka	sciezka	decal_battania_path_b	FFFFFFFF	fairmarket
397.41	546.18	-2.982	0.153	0.220	sciezka	sciezka	decal_battania_path_b	FFFFFFFF	fairmarket
397.09	546.10	-2.924	0.161	0.211	sciezka	sciezka	decal_battania_path_b	FFFFFFFF	fairmarket
396.77	546.07	-3.113	0.143	0.222	sciezka	sciezka	decal_battania_path_b	FFFFFFFF	fairmarket
396.45	546.01	-3.122	0.152	0.215	sciezka	sciezka	decal_battania_path_b	FFFFFFFF	fairmarket
396.13	546.03	-3.179	0.145	0.204	sciezka	sciezka	decal_battania_path_b	FFFFFFFF	fairmarket
395.81	546.02	-3.089	0.159	0.234	sciezka	sciezka	decal_battania_path_b	FFFFFFFF	fairmarket
395.49	546.03	3.135	0.159	0.228	sciezka	sciezka	decal_battania_path_b	FFFFFFFF	fairmarket
395.18	546.04	3.086	0.153	0.237	sciezka	sciezka	decal_battania_path_b	FFFFFFFF	fairmarket
394.86	546.10	3.022	0.153	0.236	sciezka	sciezka	decal_battania_path_b	FFFFFFFF	fairmarket
394.54	546.15	2.871	0.158	0.221	sciezka	sciezka	decal_battania_path_b	FFFFFFFF	fairmarket
394.24	546.23	2.980	0.143	0.211	sciezka	sciezka	decal_battania_path_b	FFFFFFFF	fairmarket
393.92	546.30	2.963	0.159	0.216	sciezka	sciezka	decal_battania_path_b	FFFFFFFF	fairmarket
393.62	546.38	2.965	0.161	0.205	sciezka	sciezka	decal_battania_path_b	FFFFFFFF	fairmarket
393.30	546.47	2.913	0.157	0.223	sciezka	sciezka	decal_battania_path_b	FFFFFFFF	fairmarket
392.98	546.53	2.921	0.138	0.235	sciezka	sciezka	decal_battania_path_b	FFFFFFFF	fairmarket
392.67	546.58	3.105	0.139	0.211	sciezka	sciezka	decal_battania_path_b	FFFFFFFF	fairmarket
392.35	546.62	3.064	0.141	0.207	sciezka	sciezka	decal_battania_path_b	FFFFFFFF	fairmarket
392.03	546.60	3.110	0.139	0.213	sciezka	sciezka	decal_battania_path_b	FFFFFFFF	fairmarket
391.71	546.59	-3.005	0.159	0.209	sciezka	sciezka	decal_battania_path_b	FFFFFFFF	fairmarket
391.40	546.55	-3.114	0.145	0.224	sciezka	sciezka	decal_battania_path_b	FFFFFFFF	fairmarket
391.08	546.56	-2.908	0.143	0.229	sciezka	sciezka	decal_battania_path_b	FFFFFFFF	fairmarket
390.76	546.49	-3.024	0.149	0.206	sciezka	sciezka	decal_battania_path_b	FFFFFFFF	fairmarket
390.44	546.47	-3.121	0.139	0.206	sciezka	sciezka	decal_battania_path_b	FFFFFFFF	fairmarket
390.12	546.45	-3.189	0.149	0.235	sciezka	sciezka	decal_battania_path_b	FFFFFFFF	fairmarket
389.80	546.44	3.110	0.152	0.219	sciezka	sciezka	decal_battania_path_b	FFFFFFFF	fairmarket
393.00	551.76	-2.029	0.143	0.226	sciezka	sciezka	decal_battania_path_b	FFFFFFFF	fairmarket
392.94	551.45	-1.761	0.148	0.210	sciezka	sciezka	decal_battania_path_b	FFFFFFFF	fairmarket
392.89	551.14	-1.857	0.141	0.223	sciezka	sciezka	decal_battania_path_b	FFFFFFFF	fairmarket
392.78	550.83	-1.850	0.139	0.214	sciezka	sciezka	decal_battania_path_b	FFFFFFFF	fairmarket
392.62	550.57	-2.201	0.144	0.217	sciezka	sciezka	decal_battania_path_b	FFFFFFFF	fairmarket
392.41	550.32	-2.346	0.157	0.236	sciezka	sciezka	decal_battania_path_b	FFFFFFFF	fairmarket
392.17	550.11	-2.566	0.161	0.213	sciezka	sciezka	decal_battania_path_b	FFFFFFFF	fairmarket
391.91	549.93	-2.587	0.149	0.225	sciezka	sciezka	decal_battania_path_b	FFFFFFFF	fairmarket
391.67	549.71	-2.580	0.144	0.222	sciezka	sciezka	decal_battania_path_b	FFFFFFFF	fairmarket
391.38	549.55	-2.560	0.157	0.203	sciezka	sciezka	decal_battania_path_b	FFFFFFFF	fairmarket
391.12	549.40	-2.524	0.161	0.216	sciezka	sciezka	decal_battania_path_b	FFFFFFFF	fairmarket
390.82	549.24	-2.681	0.142	0.220	sciezka	sciezka	decal_battania_path_b	FFFFFFFF	fairmarket
390.58	549.04	-2.574	0.141	0.232	sciezka	sciezka	decal_battania_path_b	FFFFFFFF	fairmarket
390.30	548.88	-2.438	0.155	0.207	sciezka	sciezka	decal_battania_path_b	FFFFFFFF	fairmarket
390.09	548.66	-2.410	0.162	0.222	sciezka	sciezka	decal_battania_path_b	FFFFFFFF	fairmarket
389.83	548.41	-2.402	0.147	0.226	sciezka	sciezka	decal_battania_path_b	FFFFFFFF	fairmarket
389.66	548.17	-2.162	0.158	0.216	sciezka	sciezka	decal_battania_path_b	FFFFFFFF	fairmarket
389.48	547.88	-1.853	0.162	0.214	sciezka	sciezka	decal_battania_path_b	FFFFFFFF	fairmarket
389.45	547.57	-1.690	0.157	0.215	sciezka	sciezka	decal_battania_path_b	FFFFFFFF	fairmarket
389.38	547.26	-1.521	0.157	0.205	sciezka	sciezka	decal_battania_path_b	FFFFFFFF	fairmarket
389.42	546.94	-1.553	0.147	0.237	sciezka	sciezka	decal_battania_path_b	FFFFFFFF	fairmarket
389.46	546.62	-1.298	0.161	0.203	sciezka	sciezka	decal_battania_path_b	FFFFFFFF	fairmarket
403.97	534.80	-2.523	0.149	0.227	sciezka	lesna	decal_battania_path_b	FF9A8A70	fairmarket
403.67	534.69	-2.935	0.150	0.204	sciezka	lesna	decal_battania_path_b	FF9A8A70	fairmarket
403.35	534.64	3.108	0.149	0.226	sciezka	lesna	decal_battania_path_b	FF9A8A70	fairmarket
403.04	534.73	2.798	0.151	0.229	sciezka	lesna	decal_battania_path_b	FF9A8A70	fairmarket
402.74	534.87	2.900	0.151	0.233	sciezka	lesna	decal_battania_path_b	FF9A8A70	fairmarket
402.44	534.93	2.797	0.141	0.230	sciezka	lesna	decal_battania_path_b	FF9A8A70	fairmarket
402.14	535.05	2.783	0.155	0.229	sciezka	lesna	decal_battania_path_b	FF9A8A70	fairmarket
401.83	535.18	2.934	0.151	0.210	sciezka	lesna	decal_battania_path_b	FF9A8A70	fairmarket
401.56	535.29	2.593	0.138	0.227	sciezka	lesna	decal_battania_path_b	FF9A8A70	fairmarket
401.28	535.47	2.504	0.146	0.233	sciezka	lesna	decal_battania_path_b	FF9A8A70	fairmarket
401.04	535.68	2.295	0.150	0.223	sciezka	lesna	decal_battania_path_b	FF9A8A70	fairmarket
400.85	535.97	2.064	0.158	0.224	sciezka	lesna	decal_battania_path_b	FF9A8A70	fairmarket
400.73	536.23	2.149	0.144	0.237	sciezka	lesna	decal_battania_path_b	FF9A8A70	fairmarket
400.55	536.50	2.165	0.151	0.226	sciezka	lesna	decal_battania_path_b	FF9A8A70	fairmarket
400.38	536.78	2.130	0.159	0.215	sciezka	lesna	decal_battania_path_b	FF9A8A70	fairmarket
400.20	537.04	2.287	0.150	0.218	sciezka	lesna	decal_battania_path_b	FF9A8A70	fairmarket
399.96	537.27	2.350	0.161	0.237	sciezka	lesna	decal_battania_path_b	FF9A8A70	fairmarket
399.71	537.49	2.624	0.145	0.210	sciezka	lesna	decal_battania_path_b	FF9A8A70	fairmarket
399.43	537.64	2.805	0.146	0.203	sciezka	lesna	decal_battania_path_b	FF9A8A70	fairmarket
399.14	537.73	2.789	0.144	0.223	sciezka	lesna	decal_battania_path_b	FF9A8A70	fairmarket
398.83	537.81	3.019	0.155	0.237	sciezka	lesna	decal_battania_path_b	FF9A8A70	fairmarket
398.51	537.80	-3.120	0.143	0.212	sciezka	lesna	decal_battania_path_b	FF9A8A70	fairmarket
398.19	537.84	3.211	0.155	0.209	sciezka	lesna	decal_battania_path_b	FF9A8A70	fairmarket
397.88	537.82	3.022	0.149	0.235	sciezka	sciezka	decal_battania_path_b	FFFFFFFF	fairmarket
397.57	537.91	2.926	0.151	0.223	sciezka	sciezka	decal_battania_path_b	FFFFFFFF	fairmarket
397.25	538.02	2.801	0.140	0.220	sciezka	lesna	decal_battania_path_b	FF9A8A70	fairmarket
396.97	538.16	2.668	0.161	0.216	sciezka	sciezka	decal_battania_path_b	FFFFFFFF	fairmarket
396.68	538.32	2.639	0.145	0.222	sciezka	sciezka	decal_battania_path_b	FFFFFFFF	fairmarket
396.43	538.49	2.387	0.158	0.204	sciezka	sciezka	decal_battania_path_b	FFFFFFFF	fairmarket
396.19	538.67	2.463	0.152	0.211	sciezka	sciezka	decal_battania_path_b	FFFFFFFF	fairmarket
395.91	538.89	2.602	0.157	0.223	sciezka	sciezka	decal_battania_path_b	FFFFFFFF	fairmarket
395.66	539.04	2.623	0.141	0.207	sciezka	sciezka	decal_battania_path_b	FFFFFFFF	fairmarket
395.40	539.25	2.699	0.148	0.226	sciezka	sciezka	decal_battania_path_b	FFFFFFFF	fairmarket
395.11	539.36	2.635	0.158	0.211	sciezka	sciezka	decal_battania_path_b	FFFFFFFF	fairmarket
394.82	539.50	2.663	0.139	0.227	sciezka	sciezka	decal_battania_path_b	FFFFFFFF	fairmarket
394.51	539.60	2.827	0.162	0.221	sciezka	sciezka	decal_battania_path_b	FFFFFFFF	fairmarket
394.20	539.68	2.867	0.158	0.231	sciezka	sciezka	decal_battania_path_b	FFFFFFFF	fairmarket
393.88	539.77	3.003	0.141	0.222	sciezka	sciezka	decal_battania_path_b	FFFFFFFF	fairmarket
393.57	539.83	2.847	0.145	0.231	sciezka	sciezka	decal_battania_path_b	FFFFFFFF	fairmarket
393.27	539.90	2.947	0.144	0.231	sciezka	sciezka	decal_battania_path_b	FFFFFFFF	fairmarket
392.96	540.01	2.805	0.142	0.220	sciezka	sciezka	decal_battania_path_b	FFFFFFFF	fairmarket
392.66	540.09	2.804	0.156	0.208	sciezka	sciezka	decal_battania_path_b	FFFFFFFF	fairmarket
392.34	540.23	2.798	0.139	0.218	sciezka	sciezka	decal_battania_path_b	FFFFFFFF	fairmarket
392.05	540.32	2.704	0.144	0.234	sciezka	sciezka	decal_battania_path_b	FFFFFFFF	fairmarket
391.76	540.45	2.663	0.147	0.219	sciezka	sciezka	decal_battania_path_b	FFFFFFFF	fairmarket
391.46	540.61	2.638	0.138	0.223	sciezka	sciezka	decal_battania_path_b	FFFFFFFF	fairmarket
391.18	540.77	2.577	0.156	0.225	sciezka	sciezka	decal_battania_path_b	FFFFFFFF	fairmarket
390.93	540.91	2.456	0.141	0.224	sciezka	sciezka	decal_battania_path_b	FFFFFFFF	fairmarket
378.21	546.93	-0.513	0.143	0.229	sciezka	sciezka	decal_battania_path_b	FFFFFFFF	fairmarket
378.50	546.77	-0.507	0.140	0.237	sciezka	sciezka	decal_battania_path_b	FFFFFFFF	fairmarket
378.79	546.62	-0.390	0.156	0.217	sciezka	sciezka	decal_battania_path_b	FFFFFFFF	fairmarket
379.07	546.50	-0.358	0.150	0.226	sciezka	sciezka	decal_battania_path_b	FFFFFFFF	fairmarket
379.35	546.37	-0.508	0.145	0.233	sciezka	sciezka	decal_battania_path_b	FFFFFFFF	fairmarket
379.65	546.25	-0.552	0.146	0.236	sciezka	sciezka	decal_battania_path_b	FFFFFFFF	fairmarket
379.89	546.05	-0.708	0.143	0.223	sciezka	sciezka	decal_battania_path_b	FFFFFFFF	fairmarket
380.12	545.81	-0.837	0.159	0.207	sciezka	sciezka	decal_battania_path_b	FFFFFFFF	fairmarket
380.30	545.53	-1.127	0.160	0.211	sciezka	sciezka	decal_battania_path_b	FFFFFFFF	fairmarket
380.42	545.24	-1.203	0.152	0.235	sciezka	sciezka	decal_battania_path_b	FFFFFFFF	fairmarket
380.46	544.93	-1.383	0.141	0.203	sciezka	sciezka	decal_battania_path_b	FFFFFFFF	fairmarket
380.50	544.61	-1.734	0.147	0.220	sciezka	sciezka	decal_battania_path_b	FFFFFFFF	fairmarket
380.44	544.29	-1.653	0.139	0.231	sciezka	sciezka	decal_battania_path_b	FFFFFFFF	fairmarket
380.45	543.97	-1.430	0.162	0.215	sciezka	sciezka	decal_battania_path_b	FFFFFFFF	fairmarket
380.51	543.65	-1.367	0.147	0.211	sciezka	sciezka	decal_battania_path_b	FFFFFFFF	fairmarket
380.57	543.34	-1.195	0.161	0.208	sciezka	sciezka	decal_battania_path_b	FFFFFFFF	fairmarket
380.70	543.04	-1.195	0.141	0.225	sciezka	sciezka	decal_battania_path_b	FFFFFFFF	fairmarket
380.83	542.76	-1.190	0.140	0.222	sciezka	sciezka	decal_battania_path_b	FFFFFFFF	fairmarket
380.97	542.50	-0.905	0.154	0.202	sciezka	sciezka	decal_battania_path_b	FFFFFFFF	fairmarket
381.18	542.24	-0.929	0.139	0.217	sciezka	sciezka	decal_battania_path_b	FFFFFFFF	fairmarket
381.40	541.98	-0.880	0.150	0.216	sciezka	lesna	decal_battania_path_b	FF9A8A70	fairmarket
381.62	541.75	-0.835	0.156	0.219	sciezka	lesna	decal_battania_path_b	FF9A8A70	fairmarket
381.83	541.52	-0.813	0.161	0.222	sciezka	lesna	decal_battania_path_b	FF9A8A70	fairmarket
382.05	541.27	-0.914	0.146	0.215	sciezka	sciezka	decal_battania_path_b	FFFFFFFF	fairmarket
382.23	541.02	-1.073	0.142	0.217	sciezka	sciezka	decal_battania_path_b	FFFFFFFF	fairmarket
382.36	540.75	-1.044	0.152	0.232	sciezka	lesna	decal_battania_path_b	FF9A8A70	fairmarket
382.56	540.49	-0.940	0.158	0.227	sciezka	lesna	decal_battania_path_b	FF9A8A70	fairmarket
382.79	540.25	-0.766	0.160	0.212	sciezka	lesna	decal_battania_path_b	FF9A8A70	fairmarket
383.31	539.90	-0.548	0.159	0.206	sciezka	sciezka	decal_battania_path_b	FFFFFFFF	fairmarket
383.59	539.72	-0.639	0.157	0.225	sciezka	sciezka	decal_battania_path_b	FFFFFFFF	fairmarket
383.81	539.49	-0.951	0.161	0.212	sciezka	sciezka	decal_battania_path_b	FFFFFFFF	fairmarket
383.90	539.18	-0.696	0.146	0.213	sciezka	sciezka	decal_battania_path_b	FFFFFFFF	fairmarket
384.50	538.96	-0.315	0.149	0.214	sciezka	sciezka	decal_battania_path_b	FFFFFFFF	fairmarket
384.78	538.83	-0.764	0.138	0.210	sciezka	sciezka	decal_battania_path_b	FFFFFFFF	fairmarket
384.95	538.55	-0.878	0.139	0.223	sciezka	sciezka	decal_battania_path_b	FFFFFFFF	fairmarket
385.10	538.28	-1.151	0.154	0.225	sciezka	sciezka	decal_battania_path_b	FFFFFFFF	fairmarket
385.30	538.02	-1.008	0.154	0.234	sciezka	sciezka	decal_battania_path_b	FFFFFFFF	fairmarket
377.83	552.77	-1.036	0.155	0.232	sciezka	sciezka	decal_battania_path_b	FFFFFFFF	fairmarket
378.00	552.50	-1.010	0.143	0.225	sciezka	sciezka	decal_battania_path_b	FFFFFFFF	fairmarket
378.16	552.22	-1.133	0.156	0.223	sciezka	sciezka	decal_battania_path_b	FFFFFFFF	fairmarket
378.23	551.91	-1.402	0.140	0.204	sciezka	sciezka	decal_battania_path_b	FFFFFFFF	fairmarket
378.22	551.59	-1.641	0.157	0.227	sciezka	sciezka	decal_battania_path_b	FFFFFFFF	fairmarket
378.23	551.26	-1.621	0.162	0.217	sciezka	sciezka	decal_battania_path_b	FFFFFFFF	fairmarket
378.20	550.95	-1.756	0.140	0.219	sciezka	sciezka	decal_battania_path_b	FFFFFFFF	fairmarket
378.13	550.63	-1.615	0.156	0.224	sciezka	sciezka	decal_battania_path_b	FFFFFFFF	fairmarket
378.11	550.31	-1.746	0.139	0.233	sciezka	sciezka	decal_battania_path_b	FFFFFFFF	fairmarket
378.08	549.99	-1.604	0.152	0.221	sciezka	sciezka	decal_battania_path_b	FFFFFFFF	fairmarket
378.07	549.67	-1.521	0.145	0.234	sciezka	sciezka	decal_battania_path_b	FFFFFFFF	fairmarket
378.07	549.35	-1.283	0.162	0.227	sciezka	sciezka	decal_battania_path_b	FFFFFFFF	fairmarket
378.18	549.04	-1.206	0.149	0.223	sciezka	sciezka	decal_battania_path_b	FFFFFFFF	fairmarket
378.28	548.75	-1.194	0.161	0.217	sciezka	sciezka	decal_battania_path_b	FFFFFFFF	fairmarket
378.41	548.44	-1.039	0.160	0.221	sciezka	sciezka	decal_battania_path_b	FFFFFFFF	fairmarket
378.54	548.18	-1.019	0.146	0.204	sciezka	sciezka	decal_battania_path_b	FFFFFFFF	fairmarket
378.76	547.91	-0.857	0.162	0.223	sciezka	sciezka	decal_battania_path_b	FFFFFFFF	fairmarket
378.93	547.66	-0.765	0.151	0.224	sciezka	sciezka	decal_battania_path_b	FFFFFFFF	fairmarket
379.15	547.44	-0.864	0.144	0.224	sciezka	sciezka	decal_battania_path_b	FFFFFFFF	fairmarket
379.41	547.20	-0.827	0.138	0.225	sciezka	sciezka	decal_battania_path_b	FFFFFFFF	fairmarket
379.64	547.00	-0.713	0.139	0.208	sciezka	sciezka	decal_battania_path_b	FFFFFFFF	fairmarket
379.85	546.73	-0.898	0.139	0.217	sciezka	sciezka	decal_battania_path_b	FFFFFFFF	fairmarket
380.02	546.48	-1.053	0.160	0.212	sciezka	sciezka	decal_battania_path_b	FFFFFFFF	fairmarket
380.21	546.21	-1.096	0.159	0.232	sciezka	sciezka	decal_battania_path_b	FFFFFFFF	fairmarket
380.36	545.95	-1.030	0.148	0.218	sciezka	sciezka	decal_battania_path_b	FFFFFFFF	fairmarket
380.47	545.65	-1.287	0.160	0.222	sciezka	sciezka	decal_battania_path_b	FFFFFFFF	fairmarket
380.56	545.33	-1.439	0.156	0.215	sciezka	sciezka	decal_battania_path_b	FFFFFFFF	fairmarket
380.56	545.01	-1.525	0.148	0.234	sciezka	sciezka	decal_battania_path_b	FFFFFFFF	fairmarket
380.58	544.69	-1.663	0.151	0.213	sciezka	sciezka	decal_battania_path_b	FFFFFFFF	fairmarket
380.58	544.37	-1.647	0.155	0.210	sciezka	sciezka	decal_battania_path_b	FFFFFFFF	fairmarket
380.53	544.05	-1.514	0.144	0.223	sciezka	sciezka	decal_battania_path_b	FFFFFFFF	fairmarket
380.60	543.74	-1.255	0.139	0.222	sciezka	sciezka	decal_battania_path_b	FFFFFFFF	fairmarket
380.68	543.44	-1.290	0.143	0.235	sciezka	sciezka	decal_battania_path_b	FFFFFFFF	fairmarket
380.83	543.16	-0.920	0.158	0.231	sciezka	sciezka	decal_battania_path_b	FFFFFFFF	fairmarket
381.01	542.88	-0.816	0.146	0.212	sciezka	sciezka	decal_battania_path_b	FFFFFFFF	fairmarket
381.23	542.63	-0.853	0.143	0.235	sciezka	sciezka	decal_battania_path_b	FFFFFFFF	fairmarket
381.46	542.43	-0.635	0.142	0.230	sciezka	sciezka	decal_battania_path_b	FFFFFFFF	fairmarket
381.70	542.22	-0.706	0.147	0.229	sciezka	sciezka	decal_battania_path_b	FFFFFFFF	fairmarket
381.97	542.03	-0.615	0.154	0.232	sciezka	sciezka	decal_battania_path_b	FFFFFFFF	fairmarket
382.20	541.82	-0.642	0.141	0.209	sciezka	sciezka	decal_battania_path_b	FFFFFFFF	fairmarket
382.46	541.60	-0.721	0.154	0.232	sciezka	sciezka	decal_battania_path_b	FFFFFFFF	fairmarket
382.66	541.33	-0.876	0.154	0.213	sciezka	sciezka	decal_battania_path_b	FFFFFFFF	fairmarket
382.74	541.05	-1.514	0.153	0.237	sciezka	sciezka	decal_battania_path_b	FFFFFFFF	fairmarket
382.79	540.74	-1.787	0.158	0.230	sciezka	lesna	decal_battania_path_b	FF9A8A70	fairmarket
382.78	540.43	-1.302	0.156	0.210	sciezka	lesna	decal_battania_path_b	FF9A8A70	fairmarket
382.96	540.17	-0.890	0.140	0.216	sciezka	lesna	decal_battania_path_b	FF9A8A70	fairmarket
383.54	539.95	-0.431	0.139	0.230	sciezka	sciezka	decal_battania_path_b	FFFFFFFF	fairmarket
383.79	539.80	-0.923	0.143	0.231	sciezka	sciezka	decal_battania_path_b	FFFFFFFF	fairmarket
383.93	539.51	-1.259	0.157	0.226	sciezka	sciezka	decal_battania_path_b	FFFFFFFF	fairmarket
384.17	538.92	-1.121	0.155	0.233	sciezka	sciezka	decal_battania_path_b	FFFFFFFF	fairmarket
384.42	538.72	-0.818	0.139	0.208	sciezka	sciezka	decal_battania_path_b	FFFFFFFF	fairmarket
384.61	538.49	-1.031	0.156	0.204	sciezka	sciezka	decal_battania_path_b	FFFFFFFF	fairmarket
384.79	538.21	-1.009	0.143	0.227	sciezka	sciezka	decal_battania_path_b	FFFFFFFF	fairmarket
384.96	537.95	-0.998	0.147	0.212	sciezka	sciezka	decal_battania_path_b	FFFFFFFF	fairmarket
367.47	533.14	-1.397	0.151	0.207	sciezka	sciezka	decal_battania_path_b	FFFFFFFF	fairmarket
367.55	532.82	-1.532	0.144	0.208	sciezka	sciezka	decal_battania_path_b	FFFFFFFF	fairmarket
367.52	532.50	-1.768	0.154	0.204	sciezka	sciezka	decal_battania_path_b	FFFFFFFF	fairmarket
367.45	532.18	-1.650	0.150	0.213	sciezka	sciezka	decal_battania_path_b	FFFFFFFF	fairmarket
372.12	528.99	1.481	0.162	0.233	sciezka	sciezka	decal_battania_path_b	FFFFFFFF	fairmarket
372.16	529.31	1.405	0.150	0.224	sciezka	sciezka	decal_battania_path_b	FFFFFFFF	fairmarket
372.22	529.62	1.391	0.154	0.230	sciezka	sciezka	decal_battania_path_b	FFFFFFFF	fairmarket
372.26	529.94	1.483	0.162	0.204	sciezka	sciezka	decal_battania_path_b	FFFFFFFF	fairmarket
372.34	530.26	1.381	0.151	0.232	sciezka	sciezka	decal_battania_path_b	FFFFFFFF	fairmarket
372.36	530.57	1.486	0.147	0.231	sciezka	sciezka	decal_battania_path_b	FFFFFFFF	fairmarket
372.40	530.89	1.371	0.149	0.211	sciezka	sciezka	decal_battania_path_b	FFFFFFFF	fairmarket
378.52	521.55	1.618	0.149	0.215	sciezka	sciezka	decal_battania_path_b	FFFFFFFF	fairmarket
378.51	521.87	1.706	0.142	0.205	sciezka	sciezka	decal_battania_path_b	FFFFFFFF	fairmarket
378.47	522.19	1.748	0.156	0.236	sciezka	sciezka	decal_battania_path_b	FFFFFFFF	fairmarket
378.42	522.50	1.839	0.155	0.226	sciezka	sciezka	decal_battania_path_b	FFFFFFFF	fairmarket
378.32	522.81	1.931	0.143	0.236	sciezka	sciezka	decal_battania_path_b	FFFFFFFF	fairmarket
378.29	523.12	1.650	0.156	0.229	sciezka	sciezka	decal_battania_path_b	FFFFFFFF	fairmarket
378.25	523.44	1.684	0.160	0.209	sciezka	sciezka	decal_battania_path_b	FFFFFFFF	fairmarket
378.23	523.76	1.462	0.139	0.216	sciezka	sciezka	decal_battania_path_b	FFFFFFFF	fairmarket
378.26	524.08	1.464	0.145	0.203	sciezka	sciezka	decal_battania_path_b	FFFFFFFF	fairmarket
378.34	524.39	1.307	0.159	0.236	sciezka	sciezka	decal_battania_path_b	FFFFFFFF	fairmarket
378.41	524.70	1.373	0.139	0.226	sciezka	sciezka	decal_battania_path_b	FFFFFFFF	fairmarket
378.51	525.02	1.202	0.154	0.216	sciezka	sciezka	decal_battania_path_b	FFFFFFFF	fairmarket
378.59	525.31	1.209	0.148	0.210	sciezka	sciezka	decal_battania_path_b	FFFFFFFF	fairmarket
378.71	525.62	1.285	0.145	0.212	sciezka	sciezka	decal_battania_path_b	FFFFFFFF	fairmarket
378.76	525.92	1.367	0.157	0.203	sciezka	sciezka	decal_battania_path_b	FFFFFFFF	fairmarket
378.85	526.24	1.394	0.157	0.224	sciezka	sciezka	decal_battania_path_b	FFFFFFFF	fairmarket
378.90	526.55	1.460	0.150	0.208	sciezka	sciezka	decal_battania_path_b	FFFFFFFF	fairmarket
378.95	526.87	1.549	0.146	0.233	sciezka	sciezka	decal_battania_path_b	FFFFFFFF	fairmarket
378.95	527.19	1.530	0.149	0.216	sciezka	sciezka	decal_battania_path_b	FFFFFFFF	fairmarket
378.88	527.51	1.622	0.141	0.209	sciezka	sciezka	decal_battania_path_b	FFFFFFFF	fairmarket
378.86	527.83	1.858	0.149	0.212	sciezka	sciezka	decal_battania_path_b	FFFFFFFF	fairmarket
378.77	528.14	1.849	0.140	0.217	sciezka	sciezka	decal_battania_path_b	FFFFFFFF	fairmarket
378.68	528.45	1.895	0.153	0.205	sciezka	sciezka	decal_battania_path_b	FFFFFFFF	fairmarket
378.61	528.76	1.901	0.148	0.214	sciezka	sciezka	decal_battania_path_b	FFFFFFFF	fairmarket
378.56	529.08	1.822	0.149	0.205	sciezka	sciezka	decal_battania_path_b	FFFFFFFF	fairmarket
378.51	529.39	1.745	0.157	0.219	sciezka	sciezka	decal_battania_path_b	FFFFFFFF	fairmarket
378.43	529.71	1.689	0.145	0.214	sciezka	sciezka	decal_battania_path_b	FFFFFFFF	fairmarket
378.45	530.02	1.592	0.155	0.204	sciezka	sciezka	decal_battania_path_b	FFFFFFFF	fairmarket
378.45	530.34	1.438	0.155	0.218	sciezka	sciezka	decal_battania_path_b	FFFFFFFF	fairmarket
378.47	530.66	1.510	0.159	0.207	sciezka	sciezka	decal_battania_path_b	FFFFFFFF	fairmarket
378.49	530.98	1.464	0.151	0.208	sciezka	sciezka	decal_battania_path_b	FFFFFFFF	fairmarket
401.02	514.19	2.417	0.141	0.209	sciezka	lesna	decal_battania_path_b	FF9A8A70	fairmarket
400.82	514.46	2.221	0.157	0.215	sciezka	sciezka	decal_battania_path_b	FFFFFFFF	fairmarket
400.60	514.71	2.222	0.152	0.213	sciezka	sciezka	decal_battania_path_b	FFFFFFFF	fairmarket
400.39	514.96	2.271	0.147	0.229	sciezka	sciezka	decal_battania_path_b	FFFFFFFF	fairmarket
400.15	515.11	2.828	0.161	0.215	sciezka	sciezka	decal_battania_path_b	FFFFFFFF	fairmarket
399.87	515.25	2.862	0.148	0.221	sciezka	sciezka	decal_battania_path_b	FFFFFFFF	fairmarket
399.55	515.32	3.085	0.153	0.220	sciezka	sciezka	decal_battania_path_b	FFFFFFFF	fairmarket
399.23	515.33	3.216	0.148	0.217	sciezka	sciezka	decal_battania_path_b	FFFFFFFF	fairmarket
398.91	515.28	-3.145	0.143	0.203	sciezka	sciezka	decal_battania_path_b	FFFFFFFF	fairmarket
398.59	515.30	3.047	0.157	0.236	sciezka	sciezka	decal_battania_path_b	FFFFFFFF	fairmarket
398.27	515.32	3.118	0.150	0.216	sciezka	sciezka	decal_battania_path_b	FFFFFFFF	fairmarket
397.94	515.36	3.013	0.159	0.209	sciezka	sciezka	decal_battania_path_b	FFFFFFFF	fairmarket
397.63	515.34	3.039	0.139	0.215	sciezka	sciezka	decal_battania_path_b	FFFFFFFF	fairmarket
397.31	515.45	2.912	0.139	0.209	sciezka	sciezka	decal_battania_path_b	FFFFFFFF	fairmarket
397.00	515.48	2.948	0.156	0.208	sciezka	sciezka	decal_battania_path_b	FFFFFFFF	fairmarket
396.68	515.55	3.027	0.139	0.237	sciezka	sciezka	decal_battania_path_b	FFFFFFFF	fairmarket
396.37	515.59	2.897	0.158	0.224	sciezka	sciezka	decal_battania_path_b	FFFFFFFF	fairmarket
396.05	515.63	3.093	0.139	0.214	sciezka	sciezka	decal_battania_path_b	FFFFFFFF	fairmarket
388.35	514.84	0.500	0.161	0.206	sciezka	sciezka	decal_battania_path_b	FFFFFFFF	fairmarket
388.60	514.98	0.506	0.150	0.233	sciezka	sciezka	decal_battania_path_b	FFFFFFFF	fairmarket
388.90	515.16	0.496	0.160	0.235	sciezka	sciezka	decal_battania_path_b	FFFFFFFF	fairmarket
389.17	515.28	0.330	0.155	0.231	sciezka	sciezka	decal_battania_path_b	FFFFFFFF	fairmarket
389.49	515.32	0.027	0.157	0.203	sciezka	sciezka	decal_battania_path_b	FFFFFFFF	fairmarket
389.81	515.33	-0.019	0.148	0.234	sciezka	sciezka	decal_battania_path_b	FFFFFFFF	fairmarket
390.13	515.29	-0.165	0.152	0.221	sciezka	sciezka	decal_battania_path_b	FFFFFFFF	fairmarket
390.45	515.27	-0.154	0.142	0.207	sciezka	sciezka	decal_battania_path_b	FFFFFFFF	fairmarket
390.76	515.22	-0.191	0.158	0.220	sciezka	sciezka	decal_battania_path_b	FFFFFFFF	fairmarket
391.08	515.16	-0.116	0.155	0.237	sciezka	sciezka	decal_battania_path_b	FFFFFFFF	fairmarket
391.40	515.12	-0.094	0.143	0.212	sciezka	sciezka	decal_battania_path_b	FFFFFFFF	fairmarket
391.72	515.11	0.041	0.158	0.208	sciezka	sciezka	decal_battania_path_b	FFFFFFFF	fairmarket
392.04	515.10	-0.010	0.141	0.221	sciezka	sciezka	decal_battania_path_b	FFFFFFFF	fairmarket
392.35	515.14	0.220	0.149	0.230	sciezka	sciezka	decal_battania_path_b	FFFFFFFF	fairmarket
392.67	515.24	0.204	0.150	0.233	sciezka	sciezka	decal_battania_path_b	FFFFFFFF	fairmarket
392.98	515.30	0.285	0.154	0.203	sciezka	sciezka	decal_battania_path_b	FFFFFFFF	fairmarket
406.27	517.83	-2.060	0.151	0.221	sciezka	lesna	decal_battania_path_b	FF9A8A70	fairmarket
406.13	517.51	-1.907	0.144	0.225	sciezka	lesna	decal_battania_path_b	FF9A8A70	fairmarket
406.06	517.22	-2.013	0.150	0.233	sciezka	lesna	decal_battania_path_b	FF9A8A70	fairmarket
405.88	516.95	-2.280	0.141	0.221	sciezka	lesna	decal_battania_path_b	FF9A8A70	fairmarket
405.62	516.74	-2.510	0.160	0.205	sciezka	lesna	decal_battania_path_b	FF9A8A70	fairmarket
405.32	516.61	-2.749	0.145	0.219	sciezka	lesna	decal_battania_path_b	FF9A8A70	fairmarket
405.02	516.54	3.166	0.162	0.211	sciezka	lesna	decal_battania_path_b	FF9A8A70	fairmarket
404.70	516.57	3.060	0.161	0.213	sciezka	lesna	decal_battania_path_b	FF9A8A70	fairmarket
404.38	516.61	3.071	0.146	0.217	sciezka	lesna	decal_battania_path_b	FF9A8A70	fairmarket
404.07	516.65	2.995	0.154	0.208	sciezka	lesna	decal_battania_path_b	FF9A8A70	fairmarket
403.74	516.69	2.906	0.152	0.203	sciezka	lesna	decal_battania_path_b	FF9A8A70	fairmarket
403.43	516.74	2.875	0.149	0.221	sciezka	lesna	decal_battania_path_b	FF9A8A70	fairmarket
403.11	516.78	3.083	0.152	0.217	sciezka	lesna	decal_battania_path_b	FF9A8A70	fairmarket
402.80	516.86	2.995	0.161	0.227	sciezka	lesna	decal_battania_path_b	FF9A8A70	fairmarket
402.48	516.91	3.095	0.139	0.209	sciezka	lesna	decal_battania_path_b	FF9A8A70	fairmarket
402.16	516.88	3.035	0.141	0.225	sciezka	lesna	decal_battania_path_b	FF9A8A70	fairmarket
401.84	516.90	-3.117	0.154	0.209	sciezka	lesna	decal_battania_path_b	FF9A8A70	fairmarket
401.52	516.92	-3.072	0.142	0.204	sciezka	lesna	decal_battania_path_b	FF9A8A70	fairmarket
401.20	516.85	-2.964	0.155	0.224	sciezka	lesna	decal_battania_path_b	FF9A8A70	fairmarket
400.88	516.84	-2.888	0.153	0.234	sciezka	sciezka	decal_battania_path_b	FFFFFFFF	fairmarket
400.57	516.78	-2.988	0.151	0.231	sciezka	sciezka	decal_battania_path_b	FFFFFFFF	fairmarket
400.26	516.73	-2.995	0.160	0.222	sciezka	sciezka	decal_battania_path_b	FFFFFFFF	fairmarket
399.94	516.66	-2.872	0.161	0.225	sciezka	sciezka	decal_battania_path_b	FFFFFFFF	fairmarket
399.62	516.58	-3.016	0.141	0.208	sciezka	sciezka	decal_battania_path_b	FFFFFFFF	fairmarket
399.31	516.51	-2.933	0.155	0.233	sciezka	sciezka	decal_battania_path_b	FFFFFFFF	fairmarket
399.00	516.51	-3.092	0.161	0.207	sciezka	sciezka	decal_battania_path_b	FFFFFFFF	fairmarket
398.68	516.45	-2.963	0.148	0.233	sciezka	sciezka	decal_battania_path_b	FFFFFFFF	fairmarket
398.36	516.42	-3.182	0.149	0.212	sciezka	sciezka	decal_battania_path_b	FFFFFFFF	fairmarket
398.04	516.45	-3.118	0.160	0.205	sciezka	sciezka	decal_battania_path_b	FFFFFFFF	fairmarket
397.72	516.44	3.112	0.151	0.208	sciezka	sciezka	decal_battania_path_b	FFFFFFFF	fairmarket
397.40	516.47	3.125	0.152	0.235	sciezka	sciezka	decal_battania_path_b	FFFFFFFF	fairmarket
397.08	516.53	2.976	0.142	0.236	sciezka	sciezka	decal_battania_path_b	FFFFFFFF	fairmarket
396.77	516.56	2.950	0.148	0.207	sciezka	sciezka	decal_battania_path_b	FFFFFFFF	fairmarket
396.45	516.58	2.878	0.141	0.234	sciezka	sciezka	decal_battania_path_b	FFFFFFFF	fairmarket
396.14	516.64	3.017	0.161	0.214	sciezka	sciezka	decal_battania_path_b	FFFFFFFF	fairmarket
413.46	535.07	1.429	0.157	0.229	sciezka	sciezka	decal_battania_path_b	FFFFFFFF	fairmarket
413.59	535.36	1.156	0.144	0.215	sciezka	sciezka	decal_battania_path_b	FFFFFFFF	fairmarket
413.76	535.63	0.896	0.154	0.224	sciezka	sciezka	decal_battania_path_b	FFFFFFFF	fairmarket
413.92	535.90	0.853	0.144	0.204	sciezka	sciezka	decal_battania_path_b	FFFFFFFF	fairmarket
414.18	536.11	0.764	0.140	0.204	sciezka	sciezka	decal_battania_path_b	FFFFFFFF	fairmarket
414.41	536.30	0.640	0.153	0.213	sciezka	sciezka	decal_battania_path_b	FFFFFFFF	fairmarket
414.66	536.49	0.525	0.143	0.235	sciezka	sciezka	decal_battania_path_b	FFFFFFFF	fairmarket
414.94	536.66	0.580	0.157	0.205	sciezka	sciezka	decal_battania_path_b	FFFFFFFF	fairmarket
415.21	536.82	0.494	0.155	0.222	sciezka	sciezka	decal_battania_path_b	FFFFFFFF	fairmarket
415.50	536.98	0.501	0.152	0.235	sciezka	sciezka	decal_battania_path_b	FFFFFFFF	fairmarket
415.74	537.16	0.597	0.159	0.203	sciezka	sciezka	decal_battania_path_b	FFFFFFFF	fairmarket
415.99	537.40	0.700	0.146	0.223	sciezka	sciezka	decal_battania_path_b	FFFFFFFF	fairmarket
416.26	537.58	0.796	0.158	0.215	sciezka	sciezka	decal_battania_path_b	FFFFFFFF	fairmarket
416.46	537.85	0.905	0.155	0.206	sciezka	sciezka	decal_battania_path_b	FFFFFFFF	fairmarket
416.66	538.08	0.965	0.158	0.208	sciezka	sciezka	decal_battania_path_b	FFFFFFFF	fairmarket
416.85	538.35	0.964	0.140	0.204	sciezka	sciezka	decal_battania_path_b	FFFFFFFF	fairmarket
417.01	538.62	0.993	0.160	0.227	sciezka	sciezka	decal_battania_path_b	FFFFFFFF	fairmarket
417.12	538.91	1.058	0.143	0.215	sciezka	sciezka	decal_battania_path_b	FFFFFFFF	fairmarket
417.26	539.21	1.200	0.138	0.215	sciezka	sciezka	decal_battania_path_b	FFFFFFFF	fairmarket
412.07	541.72	0.916	0.150	0.218	sciezka	sciezka	decal_battania_path_b	FFFFFFFF	fairmarket
412.27	541.97	0.948	0.138	0.207	sciezka	sciezka	decal_battania_path_b	FFFFFFFF	fairmarket
412.47	542.24	0.875	0.154	0.223	sciezka	sciezka	decal_battania_path_b	FFFFFFFF	fairmarket
412.72	542.45	0.836	0.146	0.216	sciezka	sciezka	decal_battania_path_b	FFFFFFFF	fairmarket
412.93	542.68	0.748	0.145	0.210	sciezka	sciezka	decal_battania_path_b	FFFFFFFF	fairmarket
413.18	542.86	0.593	0.142	0.237	sciezka	sciezka	decal_battania_path_b	FFFFFFFF	fairmarket
413.44	543.08	0.630	0.154	0.203	sciezka	sciezka	decal_battania_path_b	FFFFFFFF	fairmarket
413.66	543.29	0.762	0.155	0.217	sciezka	sciezka	decal_battania_path_b	FFFFFFFF	fairmarket
413.87	543.52	0.932	0.149	0.204	sciezka	sciezka	decal_battania_path_b	FFFFFFFF	fairmarket
414.06	543.80	0.940	0.160	0.232	sciezka	sciezka	decal_battania_path_b	FFFFFFFF	fairmarket
414.27	544.04	1.006	0.143	0.229	sciezka	sciezka	decal_battania_path_b	FFFFFFFF	fairmarket
414.44	544.33	1.118	0.161	0.222	sciezka	sciezka	decal_battania_path_b	FFFFFFFF	fairmarket
414.57	544.61	1.140	0.148	0.202	sciezka	sciezka	decal_battania_path_b	FFFFFFFF	fairmarket
414.70	544.89	1.151	0.159	0.204	sciezka	sciezka	decal_battania_path_b	FFFFFFFF	fairmarket
414.86	545.18	1.143	0.145	0.207	sciezka	sciezka	decal_battania_path_b	FFFFFFFF	fairmarket
415.00	545.47	1.132	0.149	0.238	sciezka	sciezka	decal_battania_path_b	FFFFFFFF	fairmarket
415.18	545.73	0.908	0.148	0.222	sciezka	sciezka	decal_battania_path_b	FFFFFFFF	fairmarket
415.37	546.00	0.987	0.152	0.211	sciezka	sciezka	decal_battania_path_b	FFFFFFFF	fairmarket
415.55	546.25	0.822	0.151	0.223	sciezka	sciezka	decal_battania_path_b	FFFFFFFF	fairmarket
415.77	546.48	0.758	0.148	0.215	sciezka	sciezka	decal_battania_path_b	FFFFFFFF	fairmarket
416.01	546.71	0.703	0.144	0.222	sciezka	sciezka	decal_battania_path_b	FFFFFFFF	fairmarket
416.20	546.96	0.927	0.148	0.216	sciezka	sciezka	decal_battania_path_b	FFFFFFFF	fairmarket
416.38	547.24	0.870	0.158	0.215	sciezka	sciezka	decal_battania_path_b	FFFFFFFF	fairmarket
416.61	547.46	0.835	0.155	0.219	sciezka	sciezka	decal_battania_path_b	FFFFFFFF	fairmarket
416.85	547.66	0.668	0.154	0.222	sciezka	sciezka	decal_battania_path_b	FFFFFFFF	fairmarket
417.11	547.86	0.781	0.144	0.215	sciezka	sciezka	decal_battania_path_b	FFFFFFFF	fairmarket
417.36	548.04	0.781	0.162	0.203	sciezka	sciezka	decal_battania_path_b	FFFFFFFF	fairmarket
376.20	556.96	-1.300	0.178	0.260	polna	polna	decal_battania_path_b	FFFFFFFF	fairmarket
376.31	556.62	-1.150	0.166	0.259	polna	polna	decal_battania_path_b	FFFFFFFF	fairmarket
376.44	556.30	-1.128	0.164	0.255	polna	polna	decal_battania_path_b	FFFFFFFF	fairmarket
376.60	555.95	-1.182	0.170	0.238	polna	polna	decal_battania_path_b	FFFFFFFF	fairmarket
376.76	555.62	-1.123	0.166	0.260	polna	polna	decal_battania_path_b	FFFFFFFF	fairmarket
376.88	555.30	-1.256	0.157	0.255	polna	polna	decal_battania_path_b	FFFFFFFF	fairmarket
376.99	554.95	-1.397	0.164	0.236	polna	polna	decal_battania_path_b	FFFFFFFF	fairmarket
377.03	554.59	-1.430	0.173	0.231	polna	polna	decal_battania_path_b	FFFFFFFF	fairmarket
377.02	554.23	-1.452	0.181	0.268	polna	polna	decal_battania_path_b	FFFFFFFF	fairmarket
377.02	553.87	-1.545	0.161	0.262	polna	polna	decal_battania_path_b	FFFFFFFF	fairmarket
377.00	553.51	-1.692	0.170	0.231	polna	polna	decal_battania_path_b	FFFFFFFF	fairmarket
377.06	553.16	-1.299	0.173	0.248	polna	polna	decal_battania_path_b	FFFFFFFF	fairmarket
377.23	552.82	-1.153	0.171	0.235	polna	polna	decal_battania_path_b	FFFFFFFF	fairmarket
377.42	552.56	-0.863	0.169	0.254	polna	polna	decal_battania_path_b	FFFFFFFF	fairmarket
400.49	544.32	-1.640	0.177	0.258	polna	lesna	decal_battania_path_b	FF9A8A70	fairmarket
400.58	543.98	-1.291	0.159	0.252	polna	lesna	decal_battania_path_b	FF9A8A70	fairmarket
400.69	543.63	-1.140	0.173	0.260	polna	lesna	decal_battania_path_b	FF9A8A70	fairmarket
400.86	543.29	-1.163	0.158	0.233	polna	lesna	decal_battania_path_b	FF9A8A70	fairmarket
401.04	543.00	-1.202	0.176	0.231	polna	lesna	decal_battania_path_b	FF9A8A70	fairmarket
401.15	542.65	-1.248	0.163	0.270	polna	lesna	decal_battania_path_b	FF9A8A70	fairmarket
401.29	542.32	-1.239	0.168	0.244	polna	lesna	decal_battania_path_b	FF9A8A70	fairmarket
401.42	541.99	-1.150	0.164	0.253	polna	lesna	decal_battania_path_b	FF9A8A70	fairmarket
401.59	541.67	-1.077	0.175	0.245	polna	lesna	decal_battania_path_b	FF9A8A70	fairmarket
401.75	541.35	-1.008	0.168	0.253	polna	lesna	decal_battania_path_b	FF9A8A70	fairmarket
401.93	541.05	-1.049	0.174	0.248	polna	lesna	decal_battania_path_b	FF9A8A70	fairmarket
402.17	540.76	-0.967	0.179	0.269	polna	lesna	decal_battania_path_b	FF9A8A70	fairmarket
402.36	540.48	-0.876	0.179	0.235	polna	lesna	decal_battania_path_b	FF9A8A70	fairmarket
402.60	540.16	-1.021	0.176	0.234	polna	lesna	decal_battania_path_b	FF9A8A70	fairmarket
402.78	539.88	-0.932	0.176	0.236	polna	lesna	decal_battania_path_b	FF9A8A70	fairmarket
403.01	539.59	-1.070	0.161	0.248	polna	lesna	decal_battania_path_b	FF9A8A70	fairmarket
403.20	539.29	-1.097	0.163	0.234	polna	lesna	decal_battania_path_b	FF9A8A70	fairmarket
403.36	538.96	-1.128	0.176	0.250	polna	lesna	decal_battania_path_b	FF9A8A70	fairmarket
403.47	538.62	-1.175	0.180	0.247	polna	lesna	decal_battania_path_b	FF9A8A70	fairmarket
403.59	538.28	-1.305	0.179	0.270	polna	lesna	decal_battania_path_b	FF9A8A70	fairmarket
403.66	537.92	-1.250	0.162	0.234	polna	lesna	decal_battania_path_b	FF9A8A70	fairmarket
403.82	537.61	-0.962	0.163	0.251	polna	lesna	decal_battania_path_b	FF9A8A70	fairmarket
404.02	537.31	-1.015	0.159	0.233	polna	lesna	decal_battania_path_b	FF9A8A70	fairmarket
404.23	537.04	-0.877	0.177	0.263	polna	lesna	decal_battania_path_b	FF9A8A70	fairmarket
404.43	536.72	-1.082	0.159	0.265	polna	lesna	decal_battania_path_b	FF9A8A70	fairmarket
404.56	536.40	-1.176	0.175	0.242	polna	lesna	decal_battania_path_b	FF9A8A70	fairmarket
404.61	536.04	-1.586	0.177	0.235	polna	lesna	decal_battania_path_b	FF9A8A70	fairmarket
404.61	535.68	-1.757	0.162	0.245	polna	lesna	decal_battania_path_b	FF9A8A70	fairmarket
404.56	535.32	-1.640	0.178	0.267	polna	lesna	decal_battania_path_b	FF9A8A70	fairmarket
404.51	534.96	-1.600	0.161	0.248	polna	lesna	decal_battania_path_b	FF9A8A70	fairmarket
404.47	534.60	-1.555	0.181	0.239	polna	lesna	decal_battania_path_b	FF9A8A70	fairmarket
418.88	831.11	-0.752	0.219	0.314	wiejska	wiejska	decal_battania_path_a	FFFFFFFF	winterfell
419.21	830.89	-0.631	0.218	0.293	wiejska	wiejska	decal_battania_path_b	FFFFFFFF	winterfell
419.51	830.62	-0.792	0.214	0.283	wiejska	wiejska	decal_battania_path_a	FFFFFFFF	winterfell
419.79	830.28	-1.030	0.223	0.297	wiejska	wiejska	decal_battania_path_b	FFFFFFFF	winterfell
419.96	829.91	-1.036	0.199	0.283	wiejska	wiejska	decal_battania_path_a	FFFFFFFF	winterfell
420.21	829.55	-1.075	0.218	0.282	wiejska	wiejska	decal_battania_path_b	FFFFFFFF	winterfell
420.40	829.19	-0.888	0.225	0.312	wiejska	wiejska	decal_battania_path_a	FFFFFFFF	winterfell
420.68	828.89	-0.957	0.219	0.292	wiejska	wiejska	decal_battania_path_b	FFFFFFFF	winterfell
400.92	840.51	-2.516	0.204	0.304	wiejska	wiejska	decal_battania_path_a	FFFFFFFF	winterfell
400.57	840.26	-2.508	0.217	0.279	wiejska	wiejska	decal_battania_path_b	FFFFFFFF	winterfell
400.22	840.07	-2.693	0.201	0.293	wiejska	wiejska	decal_battania_path_a	FFFFFFFF	winterfell
399.81	839.90	-2.862	0.226	0.301	wiejska	wiejska	decal_battania_path_b	FFFFFFFF	winterfell
399.40	839.85	-3.203	0.210	0.298	wiejska	wiejska	decal_battania_path_a	FFFFFFFF	winterfell
392.73	839.95	2.810	0.211	0.299	wiejska	wiejska	decal_battania_path_b	FFFFFFFF	winterfell
391.93	840.23	2.876	0.218	0.306	wiejska	wiejska	decal_battania_path_a	FFFFFFFF	winterfell
391.54	840.35	2.888	0.221	0.300	wiejska	wiejska	decal_battania_path_b	FFFFFFFF	winterfell
391.12	840.48	2.818	0.199	0.309	wiejska	wiejska	decal_battania_path_a	FFFFFFFF	winterfell
390.72	840.61	2.961	0.224	0.305	wiejska	wiejska	decal_battania_path_b	FFFFFFFF	winterfell
390.31	840.67	2.994	0.225	0.282	wiejska	wiejska	decal_battania_path_a	FFFFFFFF	winterfell
389.89	840.71	3.129	0.196	0.301	wiejska	wiejska	decal_battania_path_b	FFFFFFFF	winterfell
389.47	840.70	-3.154	0.197	0.299	wiejska	wiejska	decal_battania_path_a	FFFFFFFF	winterfell
389.05	840.64	-3.012	0.222	0.319	wiejska	wiejska	decal_battania_path_b	FFFFFFFF	winterfell
388.64	840.57	-2.918	0.204	0.298	wiejska	wiejska	decal_battania_path_a	FFFFFFFF	winterfell
388.23	840.48	-2.924	0.222	0.292	wiejska	wiejska	decal_battania_path_b	FFFFFFFF	winterfell
387.82	840.32	-2.868	0.227	0.296	wiejska	wiejska	decal_battania_path_a	FFFFFFFF	winterfell
387.41	840.22	-2.821	0.206	0.303	wiejska	wiejska	decal_battania_path_b	FFFFFFFF	winterfell
387.02	840.16	-2.896	0.217	0.316	wiejska	wiejska	decal_battania_path_a	FFFFFFFF	winterfell
386.60	840.03	-2.864	0.195	0.280	wiejska	wiejska	decal_battania_path_b	FFFFFFFF	winterfell
386.19	839.98	-2.985	0.209	0.295	wiejska	wiejska	decal_battania_path_a	FFFFFFFF	winterfell
385.77	839.91	-2.939	0.210	0.292	wiejska	wiejska	decal_battania_path_b	FFFFFFFF	winterfell
385.35	839.87	-2.832	0.204	0.306	wiejska	wiejska	decal_battania_path_a	FFFFFFFF	winterfell
384.95	839.75	-2.930	0.216	0.289	wiejska	wiejska	decal_battania_path_b	FFFFFFFF	winterfell
384.54	839.63	-2.876	0.211	0.300	wiejska	wiejska	decal_battania_path_a	FFFFFFFF	winterfell
384.13	839.60	-3.208	0.210	0.305	wiejska	wiejska	decal_battania_path_b	FFFFFFFF	winterfell
383.71	839.63	3.180	0.212	0.307	wiejska	wiejska	decal_battania_path_a	FFFFFFFF	winterfell
383.29	839.62	3.095	0.194	0.276	wiejska	wiejska	decal_battania_path_b	FFFFFFFF	winterfell
382.87	839.63	-3.154	0.198	0.297	wiejska	wiejska	decal_battania_path_a	FFFFFFFF	winterfell
382.45	839.63	-3.198	0.213	0.323	wiejska	wiejska	decal_battania_path_b	FFFFFFFF	winterfell
382.03	839.58	-3.031	0.194	0.302	wiejska	wiejska	decal_battania_path_a	FFFFFFFF	winterfell
381.62	839.52	-3.004	0.220	0.305	wiejska	wiejska	decal_battania_path_b	FFFFFFFF	winterfell
381.21	839.39	-2.885	0.193	0.291	wiejska	wiejska	decal_battania_path_a	FFFFFFFF	winterfell
380.81	839.25	-2.824	0.197	0.306	wiejska	wiejska	decal_battania_path_b	FFFFFFFF	winterfell
380.45	839.07	-2.590	0.215	0.318	wiejska	wiejska	decal_battania_path_a	FFFFFFFF	winterfell
380.08	838.86	-2.649	0.217	0.299	wiejska	wiejska	decal_battania_path_b	FFFFFFFF	winterfell
379.72	838.61	-2.530	0.209	0.287	wiejska	wiejska	decal_battania_path_a	FFFFFFFF	winterfell
379.36	838.42	-2.592	0.224	0.286	wiejska	wiejska	decal_battania_path_b	FFFFFFFF	winterfell
378.99	838.22	-2.703	0.212	0.321	wiejska	wiejska	decal_battania_path_a	FFFFFFFF	winterfell
378.63	837.98	-2.571	0.212	0.280	wiejska	wiejska	decal_battania_path_b	FFFFFFFF	winterfell
378.28	837.80	-2.552	0.210	0.319	wiejska	wiejska	decal_battania_path_a	FFFFFFFF	winterfell
381.26	827.13	1.560	0.154	0.218	sciezka	lesna	decal_battania_path_b	FF9A8A70	winterfell
381.29	827.44	1.463	0.140	0.232	sciezka	lesna	decal_battania_path_b	FF9A8A70	winterfell
381.37	827.76	1.367	0.156	0.231	sciezka	lesna	decal_battania_path_b	FF9A8A70	winterfell
381.49	828.05	1.274	0.155	0.238	sciezka	lesna	decal_battania_path_b	FF9A8A70	winterfell
381.60	828.37	1.239	0.142	0.214	sciezka	lesna	decal_battania_path_b	FF9A8A70	winterfell
381.68	828.65	1.253	0.139	0.226	sciezka	lesna	decal_battania_path_b	FF9A8A70	winterfell
381.77	828.97	1.578	0.145	0.204	sciezka	lesna	decal_battania_path_b	FF9A8A70	winterfell
381.76	829.29	1.678	0.144	0.211	sciezka	lesna	decal_battania_path_b	FF9A8A70	winterfell
381.69	829.60	1.861	0.159	0.211	sciezka	lesna	decal_battania_path_b	FF9A8A70	winterfell
381.59	829.92	1.962	0.150	0.221	sciezka	lesna	decal_battania_path_b	FF9A8A70	winterfell
381.49	830.20	2.088	0.160	0.225	sciezka	lesna	decal_battania_path_b	FF9A8A70	winterfell
381.31	830.45	2.298	0.148	0.208	sciezka	lesna	decal_battania_path_b	FF9A8A70	winterfell
381.09	830.73	2.252	0.146	0.218	sciezka	lesna	decal_battania_path_b	FF9A8A70	winterfell
380.87	830.95	2.467	0.142	0.206	sciezka	lesna	decal_battania_path_b	FF9A8A70	winterfell
380.63	831.18	2.384	0.145	0.211	sciezka	lesna	decal_battania_path_b	FF9A8A70	winterfell
380.39	831.36	2.451	0.157	0.204	sciezka	lesna	decal_battania_path_b	FF9A8A70	winterfell
380.10	831.56	2.490	0.150	0.215	sciezka	lesna	decal_battania_path_b	FF9A8A70	winterfell
379.86	831.75	2.487	0.142	0.226	sciezka	lesna	decal_battania_path_b	FF9A8A70	winterfell
379.60	831.95	2.457	0.160	0.211	sciezka	lesna	decal_battania_path_b	FF9A8A70	winterfell
379.38	832.17	2.407	0.149	0.204	sciezka	lesna	decal_battania_path_b	FF9A8A70	winterfell
379.15	832.39	2.423	0.158	0.226	sciezka	lesna	decal_battania_path_b	FF9A8A70	winterfell
378.93	832.60	2.220	0.161	0.212	sciezka	lesna	decal_battania_path_b	FF9A8A70	winterfell
378.71	832.86	2.212	0.144	0.206	sciezka	lesna	decal_battania_path_b	FF9A8A70	winterfell
378.51	833.09	2.224	0.144	0.211	sciezka	lesna	decal_battania_path_b	FF9A8A70	winterfell
378.34	833.36	2.259	0.139	0.231	sciezka	lesna	decal_battania_path_b	FF9A8A70	winterfell
378.16	833.65	2.091	0.150	0.209	sciezka	lesna	decal_battania_path_b	FF9A8A70	winterfell
378.01	833.89	2.124	0.148	0.229	sciezka	lesna	decal_battania_path_b	FF9A8A70	winterfell
377.83	834.15	2.244	0.155	0.233	sciezka	sciezka	decal_battania_path_b	FFFFFFFF	winterfell
377.64	834.45	2.197	0.148	0.220	sciezka	sciezka	decal_battania_path_b	FFFFFFFF	winterfell
377.46	834.68	2.141	0.161	0.230	sciezka	sciezka	decal_battania_path_b	FFFFFFFF	winterfell
377.23	834.96	2.267	0.153	0.220	sciezka	sciezka	decal_battania_path_b	FFFFFFFF	winterfell
374.15	842.28	-0.768	0.161	0.235	sciezka	sciezka	decal_battania_path_b	FFFFFFFF	winterfell
374.40	842.11	-0.422	0.149	0.230	sciezka	sciezka	decal_battania_path_b	FFFFFFFF	winterfell
374.68	841.91	-0.652	0.146	0.211	sciezka	sciezka	decal_battania_path_b	FFFFFFFF	winterfell
374.96	841.75	-0.566	0.162	0.223	sciezka	sciezka	decal_battania_path_b	FFFFFFFF	winterfell
375.17	841.55	-0.863	0.150	0.216	sciezka	sciezka	decal_battania_path_b	FFFFFFFF	winterfell
375.37	841.28	-0.960	0.148	0.233	sciezka	sciezka	decal_battania_path_b	FFFFFFFF	winterfell
375.59	841.02	-0.952	0.160	0.234	sciezka	sciezka	decal_battania_path_b	FFFFFFFF	winterfell
375.78	840.78	-0.850	0.158	0.210	sciezka	sciezka	decal_battania_path_b	FFFFFFFF	winterfell
376.01	840.56	-0.779	0.151	0.229	sciezka	sciezka	decal_battania_path_b	FFFFFFFF	winterfell
376.22	840.32	-0.634	0.157	0.207	sciezka	sciezka	decal_battania_path_b	FFFFFFFF	winterfell
376.49	840.12	-0.726	0.145	0.211	sciezka	sciezka	decal_battania_path_b	FFFFFFFF	winterfell
376.74	839.94	-0.643	0.141	0.206	sciezka	sciezka	decal_battania_path_b	FFFFFFFF	winterfell
377.04	839.82	-0.550	0.141	0.217	sciezka	sciezka	decal_battania_path_b	FFFFFFFF	winterfell
377.32	839.63	-0.560	0.145	0.213	sciezka	sciezka	decal_battania_path_b	FFFFFFFF	winterfell
377.59	839.48	-0.448	0.142	0.215	sciezka	sciezka	decal_battania_path_b	FFFFFFFF	winterfell
377.87	839.28	-0.735	0.158	0.210	sciezka	sciezka	decal_battania_path_b	FFFFFFFF	winterfell
378.07	839.09	-0.777	0.148	0.224	sciezka	sciezka	decal_battania_path_b	FFFFFFFF	winterfell
378.30	838.84	-0.855	0.159	0.234	sciezka	sciezka	decal_battania_path_b	FFFFFFFF	winterfell
378.45	838.58	-1.271	0.154	0.213	sciezka	sciezka	decal_battania_path_b	FFFFFFFF	winterfell
417.89	824.64	2.221	0.144	0.231	sciezka	sciezka	decal_battania_path_b	FFFFFFFF	winterfell
417.72	824.90	2.192	0.162	0.219	sciezka	sciezka	decal_battania_path_b	FFFFFFFF	winterfell
417.52	825.15	2.311	0.147	0.219	sciezka	sciezka	decal_battania_path_b	FFFFFFFF	winterfell
417.32	825.42	2.238	0.138	0.230	sciezka	sciezka	decal_battania_path_b	FFFFFFFF	winterfell
417.12	825.65	2.195	0.143	0.224	sciezka	sciezka	decal_battania_path_b	FFFFFFFF	winterfell
416.95	825.92	2.209	0.143	0.213	sciezka	sciezka	decal_battania_path_b	FFFFFFFF	winterfell
414.33	831.85	-0.139	0.150	0.215	sciezka	sciezka	decal_battania_path_b	FFFFFFFF	winterfell
414.64	831.80	-0.075	0.146	0.217	sciezka	sciezka	decal_battania_path_b	FFFFFFFF	winterfell
414.96	831.77	-0.192	0.156	0.203	sciezka	sciezka	decal_battania_path_b	FFFFFFFF	winterfell
415.27	831.71	-0.197	0.156	0.207	sciezka	sciezka	decal_battania_path_b	FFFFFFFF	winterfell
415.60	831.62	-0.173	0.141	0.218	sciezka	sciezka	decal_battania_path_b	FFFFFFFF	winterfell
415.91	831.61	-0.198	0.142	0.210	sciezka	sciezka	decal_battania_path_b	FFFFFFFF	winterfell
409.48	828.72	-0.033	0.157	0.203	sciezka	lesna	decal_battania_path_b	FF9A8A70	winterfell
409.80	828.75	0.034	0.149	0.205	sciezka	lesna	decal_battania_path_b	FF9A8A70	winterfell
410.12	828.74	0.061	0.138	0.222	sciezka	lesna	decal_battania_path_b	FF9A8A70	winterfell
410.44	828.76	0.165	0.154	0.230	sciezka	lesna	decal_battania_path_b	FF9A8A70	winterfell
410.75	828.79	0.238	0.157	0.233	sciezka	lesna	decal_battania_path_b	FF9A8A70	winterfell
411.06	828.91	0.272	0.159	0.223	sciezka	sciezka	decal_battania_path_b	FFFFFFFF	winterfell
411.38	828.92	0.080	0.152	0.205	sciezka	sciezka	decal_battania_path_b	FFFFFFFF	winterfell
411.69	828.97	0.051	0.149	0.228	sciezka	sciezka	decal_battania_path_b	FFFFFFFF	winterfell
412.02	829.00	0.057	0.151	0.232	sciezka	sciezka	decal_battania_path_b	FFFFFFFF	winterfell
412.34	829.05	0.032	0.160	0.237	sciezka	sciezka	decal_battania_path_b	FFFFFFFF	winterfell
412.65	829.03	0.028	0.155	0.218	sciezka	sciezka	decal_battania_path_b	FFFFFFFF	winterfell
412.98	829.02	-0.018	0.155	0.221	sciezka	sciezka	decal_battania_path_b	FFFFFFFF	winterfell
413.29	829.00	-0.085	0.146	0.206	sciezka	sciezka	decal_battania_path_b	FFFFFFFF	winterfell
413.61	828.96	-0.146	0.138	0.219	sciezka	sciezka	decal_battania_path_b	FFFFFFFF	winterfell
413.92	828.89	-0.165	0.160	0.217	sciezka	sciezka	decal_battania_path_b	FFFFFFFF	winterfell
414.24	828.81	-0.389	0.158	0.213	sciezka	sciezka	decal_battania_path_b	FFFFFFFF	winterfell
414.53	828.70	-0.410	0.154	0.222	sciezka	sciezka	decal_battania_path_b	FFFFFFFF	winterfell
414.84	828.60	-0.320	0.149	0.229	sciezka	sciezka	decal_battania_path_b	FFFFFFFF	winterfell
387.32	823.50	3.093	0.170	0.261	polna	lesna	decal_battania_path_b	FF9A8A70	winterfell
386.97	823.57	2.913	0.180	0.266	polna	lesna	decal_battania_path_b	FF9A8A70	winterfell
386.65	823.75	2.352	0.158	0.247	polna	lesna	decal_battania_path_b	FF9A8A70	winterfell
386.39	823.99	2.273	0.157	0.262	polna	lesna	decal_battania_path_b	FF9A8A70	winterfell
386.18	824.26	2.453	0.181	0.232	polna	lesna	decal_battania_path_b	FF9A8A70	winterfell
385.90	824.51	2.534	0.175	0.233	polna	lesna	decal_battania_path_b	FF9A8A70	winterfell
385.62	824.73	2.513	0.171	0.241	polna	lesna	decal_battania_path_b	FF9A8A70	winterfell
385.31	824.91	2.584	0.179	0.247	polna	lesna	decal_battania_path_b	FF9A8A70	winterfell
384.99	825.04	2.656	0.158	0.238	polna	lesna	decal_battania_path_b	FF9A8A70	winterfell
384.66	825.19	2.840	0.165	0.241	polna	lesna	decal_battania_path_b	FF9A8A70	winterfell
384.31	825.36	2.773	0.173	0.260	polna	lesna	decal_battania_path_b	FF9A8A70	winterfell
383.98	825.46	2.807	0.169	0.247	polna	lesna	decal_battania_path_b	FF9A8A70	winterfell
383.65	825.59	2.729	0.180	0.242	polna	lesna	decal_battania_path_b	FF9A8A70	winterfell
383.32	825.74	2.737	0.158	0.264	polna	lesna	decal_battania_path_b	FF9A8A70	winterfell
383.00	825.91	2.709	0.167	0.231	polna	lesna	decal_battania_path_b	FF9A8A70	winterfell
382.67	826.07	2.637	0.176	0.248	polna	lesna	decal_battania_path_b	FF9A8A70	winterfell
382.37	826.28	2.597	0.166	0.268	polna	lesna	decal_battania_path_b	FF9A8A70	winterfell
382.05	826.41	2.768	0.171	0.239	polna	lesna	decal_battania_path_b	FF9A8A70	winterfell
381.71	826.52	3.076	0.178	0.246	polna	lesna	decal_battania_path_b	FF9A8A70	winterfell
